QUESTION_ID	PARTICIPANT_ID	GROUP_KEY	Continent	Urban_Rural	Education	MODEL_SCORE	MOST_LIKELY_ANSWER	DECLARED_ENTROPY	prompt_mode	model	HUMAN_SCORE	P_1	P_2	P_3	P_4	P_5	P_6	P_7	P_8	P_9	P_10
Q1	528071583	Europe | Urban | Tertiary	Europe	Urban	Tertiary	4	2	1.2798542258336676	interview_direct_distribution	llama-3.2-3b-instruct	2	0.2	0.3	0.4	0.1						
Q1	909070272	Europe | Urban | Tertiary	Europe	Urban	Tertiary	2	2	1.2798542258336676	interview_direct_distribution	llama-3.2-3b-instruct	1	0.2	0.3	0.4	0.1						
Q1	528071289	Europe | Urban | Tertiary	Europe	Urban	Tertiary	3	2	1.2798542258336676	interview_direct_distribution	llama-3.2-3b-instruct	1	0.2	0.3	0.4	0.1						
Q1	528071879	Europe | Urban | Tertiary	Europe	Urban	Tertiary	3	2	1.2798542258336676	interview_direct_distribution	llama-3.2-3b-instruct	1	0.2	0.3	0.4	0.1						
Q1	528071466	Europe | Urban | Tertiary	Europe	Urban	Tertiary	3	2	1.2798542258336676	interview_direct_distribution	llama-3.2-3b-instruct	1	0.2	0.3	0.4	0.1						
Q1	826071121	Europe | Rural | Lower Secondary	Europe	Rural	Lower Secondary	1	2	1.3438103288219774	interview_direct_distribution	llama-3.2-3b-instruct	1	0.2857142857142857	0.23809523809523808	0.3333333333333333	0.14285714285714285						
Q1	804070731	Europe | Rural | Lower Secondary	Europe	Rural	Lower Secondary	4	2	1.3438103288219774	interview_direct_distribution	llama-3.2-3b-instruct	1	0.2857142857142857	0.23809523809523808	0.3333333333333333	0.14285714285714285						
Q1	703070894	Europe | Rural | Lower Secondary	Europe	Rural	Lower Secondary	4	2	1.3438103288219774	interview_direct_distribution	llama-3.2-3b-instruct	1	0.2857142857142857	0.23809523809523808	0.3333333333333333	0.14285714285714285						
Q1	196070429	Europe | Rural | Lower Secondary	Europe	Rural	Lower Secondary	1	2	1.3438103288219774	interview_direct_distribution	llama-3.2-3b-instruct	1	0.2857142857142857	0.23809523809523808	0.3333333333333333	0.14285714285714285						
Q1	642070088	Europe | Rural | Lower Secondary	Europe	Rural	Lower Secondary	3	2	1.3438103288219774	interview_direct_distribution	llama-3.2-3b-instruct	1	0.2857142857142857	0.23809523809523808	0.3333333333333333	0.14285714285714285						
Q1	586070648	Asia | Urban | Upper to Post Secondary	Asia	Urban	Upper to Post Secondary	2	2	1.3438103288219774	interview_direct_distribution	llama-3.2-3b-instruct	1	0.2857142857142857	0.23809523809523808	0.3333333333333333	0.14285714285714285						
Q1	398070007	Asia | Urban | Upper to Post Secondary	Asia	Urban	Upper to Post Secondary	1	2	1.3438103288219774	interview_direct_distribution	llama-3.2-3b-instruct	1	0.2857142857142857	0.23809523809523808	0.3333333333333333	0.14285714285714285						
Q1	410070706	Asia | Urban | Upper to Post Secondary	Asia	Urban	Upper to Post Secondary	1	2	1.3438103288219774	interview_direct_distribution	llama-3.2-3b-instruct	1	0.2857142857142857	0.23809523809523808	0.3333333333333333	0.14285714285714285						
Q1	156070594	Asia | Urban | Upper to Post Secondary	Asia	Urban	Upper to Post Secondary	3	2	1.3438103288219774	interview_direct_distribution	llama-3.2-3b-instruct	1	0.2857142857142857	0.23809523809523808	0.3333333333333333	0.14285714285714285						
Q1	400070152	Asia | Urban | Upper to Post Secondary	Asia	Urban	Upper to Post Secondary	4	2	1.3438103288219774	interview_direct_distribution	llama-3.2-3b-instruct	1	0.2857142857142857	0.23809523809523808	0.3333333333333333	0.14285714285714285						
Q1	818071042	Africa | Rural | Primary or No Education	Africa	Rural	Primary or No Education	1	1	1.0627375681569962	interview_direct_distribution	llama-3.2-3b-instruct	1	0.6	0.2	0.05	0.15						
Q1	231070731	Africa | Rural | Primary or No Education	Africa	Rural	Primary or No Education	1	1	1.0627375681569962	interview_direct_distribution	llama-3.2-3b-instruct	1	0.6	0.2	0.05	0.15						
Q1	818070237	Africa | Rural | Primary or No Education	Africa	Rural	Primary or No Education	2	1	1.0627375681569962	interview_direct_distribution	llama-3.2-3b-instruct	1	0.6	0.2	0.05	0.15						
Q1	788071187	Africa | Rural | Primary or No Education	Africa	Rural	Primary or No Education	1	1	1.0627375681569962	interview_direct_distribution	llama-3.2-3b-instruct	1	0.6	0.2	0.05	0.15						
Q1	231070458	Africa | Rural | Primary or No Education	Africa	Rural	Primary or No Education	1	1	1.0627375681569962	interview_direct_distribution	llama-3.2-3b-instruct	1	0.6	0.2	0.05	0.15						
Q1	484071076	North America | Urban | Tertiary	North America	Urban	Tertiary	4	2	1.2798542258336676	interview_direct_distribution	llama-3.2-3b-instruct	1	0.2	0.3	0.4	0.1						
Q1	124073018	North America | Urban | Tertiary	North America	Urban	Tertiary	2	2	1.2798542258336676	interview_direct_distribution	llama-3.2-3b-instruct	1	0.2	0.3	0.4	0.1						
Q1	124071008	North America | Urban | Tertiary	North America	Urban	Tertiary	1	2	1.2798542258336676	interview_direct_distribution	llama-3.2-3b-instruct	1	0.2	0.3	0.4	0.1						
Q1	840072850	North America | Urban | Tertiary	North America	Urban	Tertiary	3	2	1.2798542258336676	interview_direct_distribution	llama-3.2-3b-instruct	1	0.2	0.3	0.4	0.1						
Q1	320070283	North America | Urban | Tertiary	North America	Urban	Tertiary	1	2	1.2798542258336676	interview_direct_distribution	llama-3.2-3b-instruct	1	0.2	0.3	0.4	0.1						
Q1	68070399	South America | Urban | Lower Secondary	South America	Urban	Lower Secondary	3	2	1.3438103288219774	interview_direct_distribution	llama-3.2-3b-instruct	1	0.2857142857142857	0.23809523809523808	0.3333333333333333	0.14285714285714285						
Q1	170070054	South America | Urban | Lower Secondary	South America	Urban	Lower Secondary	1	2	1.3438103288219774	interview_direct_distribution	llama-3.2-3b-instruct	1	0.2857142857142857	0.23809523809523808	0.3333333333333333	0.14285714285714285						
Q1	152070494	South America | Urban | Lower Secondary	South America	Urban	Lower Secondary	2	2	1.3438103288219774	interview_direct_distribution	llama-3.2-3b-instruct	1	0.2857142857142857	0.23809523809523808	0.3333333333333333	0.14285714285714285						
Q1	32070430	South America | Urban | Lower Secondary	South America	Urban	Lower Secondary	2	2	1.3438103288219774	interview_direct_distribution	llama-3.2-3b-instruct	1	0.2857142857142857	0.23809523809523808	0.3333333333333333	0.14285714285714285						
Q1	170075035	South America | Urban | Lower Secondary	South America	Urban	Lower Secondary	3	2	1.3438103288219774	interview_direct_distribution	llama-3.2-3b-instruct	1	0.2857142857142857	0.23809523809523808	0.3333333333333333	0.14285714285714285						
Q57	196070773	Europe | Urban | Tertiary	Europe	Urban	Tertiary	2	1	0.6108643020548935	interview_direct_distribution	llama-3.2-3b-instruct	1	0.7	0.3								
Q57	642071348	Europe | Urban | Tertiary	Europe	Urban	Tertiary	1	1	0.6108643020548935	interview_direct_distribution	llama-3.2-3b-instruct	2	0.7	0.3								
Q57	804070773	Europe | Urban | Tertiary	Europe	Urban	Tertiary	1	1	0.6108643020548935	interview_direct_distribution	llama-3.2-3b-instruct	2	0.7	0.3								
Q57	688071147	Europe | Urban | Tertiary	Europe	Urban	Tertiary	2	1	0.6108643020548935	interview_direct_distribution	llama-3.2-3b-instruct	2	0.7	0.3								
Q57	528070056	Europe | Urban | Tertiary	Europe	Urban	Tertiary	2	1	0.6108643020548935	interview_direct_distribution	llama-3.2-3b-instruct	1	0.7	0.3								
Q57	643071087	Europe | Rural | Lower Secondary	Europe	Rural	Lower Secondary	1	1	0.6108643020548935	interview_direct_distribution	llama-3.2-3b-instruct	2	0.7	0.3								
Q57	643071306	Europe | Rural | Lower Secondary	Europe	Rural	Lower Secondary	1	1	0.6108643020548935	interview_direct_distribution	llama-3.2-3b-instruct	1	0.7	0.3								
Q57	196070537	Europe | Rural | Lower Secondary	Europe	Rural	Lower Secondary	1	1	0.6108643020548935	interview_direct_distribution	llama-3.2-3b-instruct	2	0.7	0.3								
Q57	703070698	Europe | Rural | Lower Secondary	Europe	Rural	Lower Secondary	2	1	0.6108643020548935	interview_direct_distribution	llama-3.2-3b-instruct	2	0.7	0.3								
Q57	826071546	Europe | Rural | Lower Secondary	Europe	Rural	Lower Secondary	1	1	0.6108643020548935	interview_direct_distribution	llama-3.2-3b-instruct	1	0.7	0.3								
Q57	104070001	Asia | Urban | Upper to Post Secondary	Asia	Urban	Upper to Post Secondary	2	1	0.6108643020548935	interview_direct_distribution	llama-3.2-3b-instruct	2	0.7	0.3								
Q57	608070780	Asia | Urban | Upper to Post Secondary	Asia	Urban	Upper to Post Secondary	1	1	0.6108643020548935	interview_direct_distribution	llama-3.2-3b-instruct	2	0.7	0.3								
Q57	586070263	Asia | Urban | Upper to Post Secondary	Asia	Urban	Upper to Post Secondary	1	1	0.6108643020548935	interview_direct_distribution	llama-3.2-3b-instruct	1	0.7	0.3								
Q57	344071814	Asia | Urban | Upper to Post Secondary	Asia	Urban	Upper to Post Secondary	2	1	0.6108643020548935	interview_direct_distribution	llama-3.2-3b-instruct	2	0.7	0.3								
Q57	704070047	Asia | Urban | Upper to Post Secondary	Asia	Urban	Upper to Post Secondary	1	1	0.6108643020548935	interview_direct_distribution	llama-3.2-3b-instruct	1	0.7	0.3								
Q57	788070927	Africa | Rural | Primary or No Education	Africa	Rural	Primary or No Education	1	1	0.6108643020548935	interview_direct_distribution	llama-3.2-3b-instruct	2	0.7	0.3								
Q57	231070927	Africa | Rural | Primary or No Education	Africa	Rural	Primary or No Education	1	1	0.6108643020548935	interview_direct_distribution	llama-3.2-3b-instruct	2	0.7	0.3								
Q57	566070866	Africa | Rural | Primary or No Education	Africa	Rural	Primary or No Education	1	1	0.6108643020548935	interview_direct_distribution	llama-3.2-3b-instruct	2	0.7	0.3								
Q57	231070213	Africa | Rural | Primary or No Education	Africa	Rural	Primary or No Education	2	1	0.6108643020548935	interview_direct_distribution	llama-3.2-3b-instruct	2	0.7	0.3								
Q57	404070950	Africa | Rural | Primary or No Education	Africa	Rural	Primary or No Education	1	1	0.6108643020548935	interview_direct_distribution	llama-3.2-3b-instruct	2	0.7	0.3								
Q57	630071154	North America | Urban | Tertiary	North America	Urban	Tertiary	1	1	0.6108643020548935	interview_direct_distribution	llama-3.2-3b-instruct	2	0.7	0.3								
Q57	840072074	North America | Urban | Tertiary	North America	Urban	Tertiary	1	1	0.6108643020548935	interview_direct_distribution	llama-3.2-3b-instruct	1	0.7	0.3								
Q57	840072901	North America | Urban | Tertiary	North America	Urban	Tertiary	1	1	0.6108643020548935	interview_direct_distribution	llama-3.2-3b-instruct	1	0.7	0.3								
Q57	840071498	North America | Urban | Tertiary	North America	Urban	Tertiary	2	1	0.6108643020548935	interview_direct_distribution	llama-3.2-3b-instruct	2	0.7	0.3								
Q57	840071852	North America | Urban | Tertiary	North America	Urban	Tertiary	1	1	0.6108643020548935	interview_direct_distribution	llama-3.2-3b-instruct	2	0.7	0.3								
Q57	604071131	South America | Urban | Lower Secondary	South America	Urban	Lower Secondary	2	1	0.6108643020548935	interview_direct_distribution	llama-3.2-3b-instruct	1	0.7	0.3								
Q57	32070510	South America | Urban | Lower Secondary	South America	Urban	Lower Secondary	2	1	0.6108643020548935	interview_direct_distribution	llama-3.2-3b-instruct	2	0.7	0.3								
Q57	76070363	South America | Urban | Lower Secondary	South America	Urban	Lower Secondary	2	1	0.6108643020548935	interview_direct_distribution	llama-3.2-3b-instruct	2	0.7	0.3								
Q57	152070632	South America | Urban | Lower Secondary	South America	Urban	Lower Secondary	1	1	0.6108643020548935	interview_direct_distribution	llama-3.2-3b-instruct	2	0.7	0.3								
Q57	152070523	South America | Urban | Lower Secondary	South America	Urban	Lower Secondary	2	1	0.6108643020548935	interview_direct_distribution	llama-3.2-3b-instruct	2	0.7	0.3								
Q107	528070066	Europe | Urban | Tertiary	Europe	Urban	Tertiary	6	5	2.173361455365967	interview_direct_distribution	llama-3.2-3b-instruct	10	0.015625	0.04687499999999999	0.0625	0.078125	0.09374999999999999	0.10937499999999999	0.125	0.140625	0.15625	0.171875
Q107	203070784	Europe | Urban | Tertiary	Europe	Urban	Tertiary	8	5	2.173361455365967	interview_direct_distribution	llama-3.2-3b-instruct	8	0.015625	0.04687499999999999	0.0625	0.078125	0.09374999999999999	0.10937499999999999	0.125	0.140625	0.15625	0.171875
Q107	826070770	Europe | Urban | Tertiary	Europe	Urban	Tertiary	8	5	2.173361455365967	interview_direct_distribution	llama-3.2-3b-instruct	6	0.015625	0.04687499999999999	0.0625	0.078125	0.09374999999999999	0.10937499999999999	0.125	0.140625	0.15625	0.171875
Q107	300070455	Europe | Urban | Tertiary	Europe	Urban	Tertiary	10	5	2.173361455365967	interview_direct_distribution	llama-3.2-3b-instruct	6	0.015625	0.04687499999999999	0.0625	0.078125	0.09374999999999999	0.10937499999999999	0.125	0.140625	0.15625	0.171875
Q107	642070475	Europe | Urban | Tertiary	Europe	Urban	Tertiary	7	5	2.173361455365967	interview_direct_distribution	llama-3.2-3b-instruct	5	0.015625	0.04687499999999999	0.0625	0.078125	0.09374999999999999	0.10937499999999999	0.125	0.140625	0.15625	0.171875
Q107	642070866	Europe | Rural | Lower Secondary	Europe	Rural	Lower Secondary	8	5	2.173361455365967	interview_direct_distribution	llama-3.2-3b-instruct	1	0.015625	0.04687499999999999	0.0625	0.078125	0.09374999999999999	0.10937499999999999	0.125	0.140625	0.15625	0.171875
Q107	826070945	Europe | Rural | Lower Secondary	Europe	Rural	Lower Secondary	8	5	2.173361455365967	interview_direct_distribution	llama-3.2-3b-instruct	5	0.015625	0.04687499999999999	0.0625	0.078125	0.09374999999999999	0.10937499999999999	0.125	0.140625	0.15625	0.171875
Q107	203070448	Europe | Rural | Lower Secondary	Europe	Rural	Lower Secondary	7	5	2.173361455365967	interview_direct_distribution	llama-3.2-3b-instruct	3	0.015625	0.04687499999999999	0.0625	0.078125	0.09374999999999999	0.10937499999999999	0.125	0.140625	0.15625	0.171875
Q107	203070913	Europe | Rural | Lower Secondary	Europe	Rural	Lower Secondary	9	5	2.173361455365967	interview_direct_distribution	llama-3.2-3b-instruct	5	0.015625	0.04687499999999999	0.0625	0.078125	0.09374999999999999	0.10937499999999999	0.125	0.140625	0.15625	0.171875
Q107	643071623	Europe | Rural | Lower Secondary	Europe	Rural	Lower Secondary	7	5	2.173361455365967	interview_direct_distribution	llama-3.2-3b-instruct	6	0.015625	0.04687499999999999	0.0625	0.078125	0.09374999999999999	0.10937499999999999	0.125	0.140625	0.15625	0.171875
Q107	410070213	Asia | Urban | Upper to Post Secondary	Asia	Urban	Upper to Post Secondary	9	5	2.173361455365967	interview_direct_distribution	llama-3.2-3b-instruct	3	0.015625	0.04687499999999999	0.0625	0.078125	0.09374999999999999	0.10937499999999999	0.125	0.140625	0.15625	0.171875
Q107	364071520	Asia | Urban | Upper to Post Secondary	Asia	Urban	Upper to Post Secondary	3	5	2.173361455365967	interview_direct_distribution	llama-3.2-3b-instruct	5	0.015625	0.04687499999999999	0.0625	0.078125	0.09374999999999999	0.10937499999999999	0.125	0.140625	0.15625	0.171875
Q107	392070991	Asia | Urban | Upper to Post Secondary	Asia	Urban	Upper to Post Secondary	9	5	2.173361455365967	interview_direct_distribution	llama-3.2-3b-instruct	3	0.015625	0.04687499999999999	0.0625	0.078125	0.09374999999999999	0.10937499999999999	0.125	0.140625	0.15625	0.171875
Q107	417071099	Asia | Urban | Upper to Post Secondary	Asia	Urban	Upper to Post Secondary	9	5	2.173361455365967	interview_direct_distribution	llama-3.2-3b-instruct	5	0.015625	0.04687499999999999	0.0625	0.078125	0.09374999999999999	0.10937499999999999	0.125	0.140625	0.15625	0.171875
Q107	702070528	Asia | Urban | Upper to Post Secondary	Asia	Urban	Upper to Post Secondary	7	5	2.173361455365967	interview_direct_distribution	llama-3.2-3b-instruct	3	0.015625	0.04687499999999999	0.0625	0.078125	0.09374999999999999	0.10937499999999999	0.125	0.140625	0.15625	0.171875
Q107	566071056	Africa | Rural | Primary or No Education	Africa	Rural	Primary or No Education	5	3	2.097217664850255	interview_direct_distribution	llama-3.2-3b-instruct	10	0.20618556701030927	0.15463917525773194	0.18556701030927833	0.12371134020618556	0.10309278350515463	0.05154639175257732	0.08247422680412371	0.041237113402061855	0.020618556701030927	0.03092783505154639
Q107	566070866	Africa | Rural | Primary or No Education	Africa	Rural	Primary or No Education	2	3	2.097217664850255	interview_direct_distribution	llama-3.2-3b-instruct	9	0.20618556701030927	0.15463917525773194	0.18556701030927833	0.12371134020618556	0.10309278350515463	0.05154639175257732	0.08247422680412371	0.041237113402061855	0.020618556701030927	0.03092783505154639
Q107	788070927	Africa | Rural | Primary or No Education	Africa	Rural	Primary or No Education	6	3	2.097217664850255	interview_direct_distribution	llama-3.2-3b-instruct	7	0.20618556701030927	0.15463917525773194	0.18556701030927833	0.12371134020618556	0.10309278350515463	0.05154639175257732	0.08247422680412371	0.041237113402061855	0.020618556701030927	0.03092783505154639
Q107	716071211	Africa | Rural | Primary or No Education	Africa	Rural	Primary or No Education	3	3	2.097217664850255	interview_direct_distribution	llama-3.2-3b-instruct	10	0.20618556701030927	0.15463917525773194	0.18556701030927833	0.12371134020618556	0.10309278350515463	0.05154639175257732	0.08247422680412371	0.041237113402061855	0.020618556701030927	0.03092783505154639
Q107	504070842	Africa | Rural | Primary or No Education	Africa	Rural	Primary or No Education	4	3	2.097217664850255	interview_direct_distribution	llama-3.2-3b-instruct	5	0.20618556701030927	0.15463917525773194	0.18556701030927833	0.12371134020618556	0.10309278350515463	0.05154639175257732	0.08247422680412371	0.041237113402061855	0.020618556701030927	0.03092783505154639
Q107	630070132	North America | Urban | Tertiary	North America	Urban	Tertiary	2	5	2.173361455365967	interview_direct_distribution	llama-3.2-3b-instruct	1	0.015625	0.04687499999999999	0.0625	0.078125	0.09374999999999999	0.10937499999999999	0.125	0.140625	0.15625	0.171875
Q107	124070383	North America | Urban | Tertiary	North America	Urban	Tertiary	10	5	2.173361455365967	interview_direct_distribution	llama-3.2-3b-instruct	8	0.015625	0.04687499999999999	0.0625	0.078125	0.09374999999999999	0.10937499999999999	0.125	0.140625	0.15625	0.171875
Q107	124070601	North America | Urban | Tertiary	North America	Urban	Tertiary	2	5	2.173361455365967	interview_direct_distribution	llama-3.2-3b-instruct	1	0.015625	0.04687499999999999	0.0625	0.078125	0.09374999999999999	0.10937499999999999	0.125	0.140625	0.15625	0.171875
Q107	630070968	North America | Urban | Tertiary	North America	Urban	Tertiary	1	5	2.173361455365967	interview_direct_distribution	llama-3.2-3b-instruct	5	0.015625	0.04687499999999999	0.0625	0.078125	0.09374999999999999	0.10937499999999999	0.125	0.140625	0.15625	0.171875
Q107	484071595	North America | Urban | Tertiary	North America	Urban	Tertiary	10	5	2.173361455365967	interview_direct_distribution	llama-3.2-3b-instruct	3	0.015625	0.04687499999999999	0.0625	0.078125	0.09374999999999999	0.10937499999999999	0.125	0.140625	0.15625	0.171875
Q107	604070260	South America | Urban | Lower Secondary	South America	Urban	Lower Secondary	7	5	2.173361455365967	interview_direct_distribution	llama-3.2-3b-instruct	8	0.015625	0.04687499999999999	0.0625	0.078125	0.09374999999999999	0.10937499999999999	0.125	0.140625	0.15625	0.171875
Q107	862070933	South America | Urban | Lower Secondary	South America	Urban	Lower Secondary	2	5	2.173361455365967	interview_direct_distribution	llama-3.2-3b-instruct	1	0.015625	0.04687499999999999	0.0625	0.078125	0.09374999999999999	0.10937499999999999	0.125	0.140625	0.15625	0.171875
Q107	32070430	South America | Urban | Lower Secondary	South America	Urban	Lower Secondary	8	5	2.173361455365967	interview_direct_distribution	llama-3.2-3b-instruct	5	0.015625	0.04687499999999999	0.0625	0.078125	0.09374999999999999	0.10937499999999999	0.125	0.140625	0.15625	0.171875
Q107	32070052	South America | Urban | Lower Secondary	South America	Urban	Lower Secondary	2	5	2.173361455365967	interview_direct_distribution	llama-3.2-3b-instruct	8	0.015625	0.04687499999999999	0.0625	0.078125	0.09374999999999999	0.10937499999999999	0.125	0.140625	0.15625	0.171875
Q107	862070930	South America | Urban | Lower Secondary	South America	Urban	Lower Secondary	10	5	2.173361455365967	interview_direct_distribution	llama-3.2-3b-instruct	3	0.015625	0.04687499999999999	0.0625	0.078125	0.09374999999999999	0.10937499999999999	0.125	0.140625	0.15625	0.171875
Q112	826071835	Europe | Urban | Tertiary	Europe	Urban	Tertiary	10	3	2.0421812134391475	interview_direct_distribution	llama-3.2-3b-instruct	9	0.05154639175257731	0.1546391752577319	0.25773195876288657	0.20618556701030924	0.10309278350515462	0.05154639175257731	0.05154639175257731	0.05154639175257731	0.05154639175257731	0.020618556701030924
Q112	20070828	Europe | Urban | Tertiary	Europe	Urban	Tertiary	4	3	2.0421812134391475	interview_direct_distribution	llama-3.2-3b-instruct	3	0.05154639175257731	0.1546391752577319	0.25773195876288657	0.20618556701030924	0.10309278350515462	0.05154639175257731	0.05154639175257731	0.05154639175257731	0.05154639175257731	0.020618556701030924
Q112	196070238	Europe | Urban | Tertiary	Europe	Urban	Tertiary	5	3	2.0421812134391475	interview_direct_distribution	llama-3.2-3b-instruct	10	0.05154639175257731	0.1546391752577319	0.25773195876288657	0.20618556701030924	0.10309278350515462	0.05154639175257731	0.05154639175257731	0.05154639175257731	0.05154639175257731	0.020618556701030924
Q112	196070612	Europe | Urban | Tertiary	Europe	Urban	Tertiary	3	3	2.0421812134391475	interview_direct_distribution	llama-3.2-3b-instruct	10	0.05154639175257731	0.1546391752577319	0.25773195876288657	0.20618556701030924	0.10309278350515462	0.05154639175257731	0.05154639175257731	0.05154639175257731	0.05154639175257731	0.020618556701030924
Q112	300070575	Europe | Urban | Tertiary	Europe	Urban	Tertiary	2	3	2.0421812134391475	interview_direct_distribution	llama-3.2-3b-instruct	10	0.05154639175257731	0.1546391752577319	0.25773195876288657	0.20618556701030924	0.10309278350515462	0.05154639175257731	0.05154639175257731	0.05154639175257731	0.05154639175257731	0.020618556701030924
Q112	642070296	Europe | Rural | Lower Secondary	Europe	Rural	Lower Secondary	2	5	2.1635029658154084	interview_direct_distribution	llama-3.2-3b-instruct	3	0.012820512820512824	0.038461538461538464	0.06410256410256411	0.07692307692307693	0.10256410256410259	0.1153846153846154	0.12820512820512822	0.14102564102564105	0.15384615384615385	0.16666666666666669
Q112	642071063	Europe | Rural | Lower Secondary	Europe	Rural	Lower Secondary	10	5	2.1635029658154084	interview_direct_distribution	llama-3.2-3b-instruct	7	0.012820512820512824	0.038461538461538464	0.06410256410256411	0.07692307692307693	0.10256410256410259	0.1153846153846154	0.12820512820512822	0.14102564102564105	0.15384615384615385	0.16666666666666669
Q112	643070538	Europe | Rural | Lower Secondary	Europe	Rural	Lower Secondary	6	5	2.1635029658154084	interview_direct_distribution	llama-3.2-3b-instruct	9	0.012820512820512824	0.038461538461538464	0.06410256410256411	0.07692307692307693	0.10256410256410259	0.1153846153846154	0.12820512820512822	0.14102564102564105	0.15384615384615385	0.16666666666666669
Q112	203070448	Europe | Rural | Lower Secondary	Europe	Rural	Lower Secondary	10	5	2.1635029658154084	interview_direct_distribution	llama-3.2-3b-instruct	6	0.012820512820512824	0.038461538461538464	0.06410256410256411	0.07692307692307693	0.10256410256410259	0.1153846153846154	0.12820512820512822	0.14102564102564105	0.15384615384615385	0.16666666666666669
Q112	203071112	Europe | Rural | Lower Secondary	Europe	Rural	Lower Secondary	7	5	2.1635029658154084	interview_direct_distribution	llama-3.2-3b-instruct	8	0.012820512820512824	0.038461538461538464	0.06410256410256411	0.07692307692307693	0.10256410256410259	0.1153846153846154	0.12820512820512822	0.14102564102564105	0.15384615384615385	0.16666666666666669
Q112	704071072	Asia | Urban | Upper to Post Secondary	Asia	Urban	Upper to Post Secondary	4	3	2.127805078707373	interview_direct_distribution	llama-3.2-3b-instruct	9	0.041666666666666664	0.12499999999999997	0.20833333333333331	0.16666666666666666	0.08333333333333333	0.041666666666666664	0.041666666666666664	0.041666666666666664	0.08333333333333333	0.16666666666666666
Q112	364072364	Asia | Urban | Upper to Post Secondary	Asia	Urban	Upper to Post Secondary	4	3	2.127805078707373	interview_direct_distribution	llama-3.2-3b-instruct	3	0.041666666666666664	0.12499999999999997	0.20833333333333331	0.16666666666666666	0.08333333333333333	0.041666666666666664	0.041666666666666664	0.041666666666666664	0.08333333333333333	0.16666666666666666
Q112	417070082	Asia | Urban | Upper to Post Secondary	Asia	Urban	Upper to Post Secondary	2	3	2.127805078707373	interview_direct_distribution	llama-3.2-3b-instruct	10	0.041666666666666664	0.12499999999999997	0.20833333333333331	0.16666666666666666	0.08333333333333333	0.041666666666666664	0.041666666666666664	0.041666666666666664	0.08333333333333333	0.16666666666666666
Q112	496070112	Asia | Urban | Upper to Post Secondary	Asia	Urban	Upper to Post Secondary	10	3	2.127805078707373	interview_direct_distribution	llama-3.2-3b-instruct	6	0.041666666666666664	0.12499999999999997	0.20833333333333331	0.16666666666666666	0.08333333333333333	0.041666666666666664	0.041666666666666664	0.041666666666666664	0.08333333333333333	0.16666666666666666
Q112	156071559	Asia | Urban | Upper to Post Secondary	Asia	Urban	Upper to Post Secondary	7	3	2.127805078707373	interview_direct_distribution	llama-3.2-3b-instruct	4	0.041666666666666664	0.12499999999999997	0.20833333333333331	0.16666666666666666	0.08333333333333333	0.041666666666666664	0.041666666666666664	0.041666666666666664	0.08333333333333333	0.16666666666666666
Q112	231070711	Africa | Rural | Primary or No Education	Africa	Rural	Primary or No Education	8	6	2.13848577862556	interview_direct_distribution	llama-3.2-3b-instruct	10	0.01149425287356322	0.034482758620689655	0.0574712643678161	0.06896551724137931	0.09195402298850576	0.1149425287356322	0.13793103448275862	0.14942528735632185	0.16091954022988506	0.1724137931034483
Q112	566070050	Africa | Rural | Primary or No Education	Africa	Rural	Primary or No Education	8	6	2.13848577862556	interview_direct_distribution	llama-3.2-3b-instruct	10	0.01149425287356322	0.034482758620689655	0.0574712643678161	0.06896551724137931	0.09195402298850576	0.1149425287356322	0.13793103448275862	0.14942528735632185	0.16091954022988506	0.1724137931034483
Q112	231070877	Africa | Rural | Primary or No Education	Africa	Rural	Primary or No Education	4	6	2.13848577862556	interview_direct_distribution	llama-3.2-3b-instruct	10	0.01149425287356322	0.034482758620689655	0.0574712643678161	0.06896551724137931	0.09195402298850576	0.1149425287356322	0.13793103448275862	0.14942528735632185	0.16091954022988506	0.1724137931034483
Q112	788070056	Africa | Rural | Primary or No Education	Africa	Rural	Primary or No Education	6	6	2.13848577862556	interview_direct_distribution	llama-3.2-3b-instruct	10	0.01149425287356322	0.034482758620689655	0.0574712643678161	0.06896551724137931	0.09195402298850576	0.1149425287356322	0.13793103448275862	0.14942528735632185	0.16091954022988506	0.1724137931034483
Q112	231070595	Africa | Rural | Primary or No Education	Africa	Rural	Primary or No Education	10	6	2.13848577862556	interview_direct_distribution	llama-3.2-3b-instruct	10	0.01149425287356322	0.034482758620689655	0.0574712643678161	0.06896551724137931	0.09195402298850576	0.1149425287356322	0.13793103448275862	0.14942528735632185	0.16091954022988506	0.1724137931034483
Q112	840073175	North America | Urban | Tertiary	North America	Urban	Tertiary	3	3	2.0421812134391475	interview_direct_distribution	llama-3.2-3b-instruct	6	0.05154639175257731	0.1546391752577319	0.25773195876288657	0.20618556701030924	0.10309278350515462	0.05154639175257731	0.05154639175257731	0.05154639175257731	0.05154639175257731	0.020618556701030924
Q112	630070293	North America | Urban | Tertiary	North America	Urban	Tertiary	4	3	2.0421812134391475	interview_direct_distribution	llama-3.2-3b-instruct	10	0.05154639175257731	0.1546391752577319	0.25773195876288657	0.20618556701030924	0.10309278350515462	0.05154639175257731	0.05154639175257731	0.05154639175257731	0.05154639175257731	0.020618556701030924
Q112	124071522	North America | Urban | Tertiary	North America	Urban	Tertiary	4	3	2.0421812134391475	interview_direct_distribution	llama-3.2-3b-instruct	4	0.05154639175257731	0.1546391752577319	0.25773195876288657	0.20618556701030924	0.10309278350515462	0.05154639175257731	0.05154639175257731	0.05154639175257731	0.05154639175257731	0.020618556701030924
Q112	320070283	North America | Urban | Tertiary	North America	Urban	Tertiary	4	3	2.0421812134391475	interview_direct_distribution	llama-3.2-3b-instruct	10	0.05154639175257731	0.1546391752577319	0.25773195876288657	0.20618556701030924	0.10309278350515462	0.05154639175257731	0.05154639175257731	0.05154639175257731	0.05154639175257731	0.020618556701030924
Q112	630070260	North America | Urban | Tertiary	North America	Urban	Tertiary	5	3	2.0421812134391475	interview_direct_distribution	llama-3.2-3b-instruct	10	0.05154639175257731	0.1546391752577319	0.25773195876288657	0.20618556701030924	0.10309278350515462	0.05154639175257731	0.05154639175257731	0.05154639175257731	0.05154639175257731	0.020618556701030924
Q112	32070826	South America | Urban | Lower Secondary	South America	Urban	Lower Secondary	5	5	2.1635029658154084	interview_direct_distribution	llama-3.2-3b-instruct	10	0.012820512820512824	0.038461538461538464	0.06410256410256411	0.07692307692307693	0.10256410256410259	0.1153846153846154	0.12820512820512822	0.14102564102564105	0.15384615384615385	0.16666666666666669
Q112	68071520	South America | Urban | Lower Secondary	South America	Urban	Lower Secondary	7	5	2.1635029658154084	interview_direct_distribution	llama-3.2-3b-instruct	10	0.012820512820512824	0.038461538461538464	0.06410256410256411	0.07692307692307693	0.10256410256410259	0.1153846153846154	0.12820512820512822	0.14102564102564105	0.15384615384615385	0.16666666666666669
Q112	218071141	South America | Urban | Lower Secondary	South America	Urban	Lower Secondary	9	5	2.1635029658154084	interview_direct_distribution	llama-3.2-3b-instruct	7	0.012820512820512824	0.038461538461538464	0.06410256410256411	0.07692307692307693	0.10256410256410259	0.1153846153846154	0.12820512820512822	0.14102564102564105	0.15384615384615385	0.16666666666666669
Q112	32070608	South America | Urban | Lower Secondary	South America	Urban	Lower Secondary	7	5	2.1635029658154084	interview_direct_distribution	llama-3.2-3b-instruct	10	0.012820512820512824	0.038461538461538464	0.06410256410256411	0.07692307692307693	0.10256410256410259	0.1153846153846154	0.12820512820512822	0.14102564102564105	0.15384615384615385	0.16666666666666669
Q112	32070331	South America | Urban | Lower Secondary	South America	Urban	Lower Secondary	2	5	2.1635029658154084	interview_direct_distribution	llama-3.2-3b-instruct	9	0.012820512820512824	0.038461538461538464	0.06410256410256411	0.07692307692307693	0.10256410256410259	0.1153846153846154	0.12820512820512822	0.14102564102564105	0.15384615384615385	0.16666666666666669
Q123	643071667	Europe | Urban | Tertiary	Europe	Urban	Tertiary	0	1	1.0296530140645737	interview_direct_distribution	llama-3.2-3b-instruct	2	0.5	0.2								
Q123	688070523	Europe | Urban | Tertiary	Europe	Urban	Tertiary	1	1	1.0296530140645737	interview_direct_distribution	llama-3.2-3b-instruct	0	0.5	0.2								
Q123	20070046	Europe | Urban | Tertiary	Europe	Urban	Tertiary	0	1	1.0296530140645737	interview_direct_distribution	llama-3.2-3b-instruct	2	0.5	0.2								
Q123	528070865	Europe | Urban | Tertiary	Europe	Urban	Tertiary	1	1	1.0296530140645737	interview_direct_distribution	llama-3.2-3b-instruct	2	0.5	0.2								
Q123	196070408	Europe | Urban | Tertiary	Europe	Urban	Tertiary	0	1	1.0296530140645737	interview_direct_distribution	llama-3.2-3b-instruct	2	0.5	0.2								
Q123	826070421	Europe | Rural | Lower Secondary	Europe	Rural	Lower Secondary	0	1	1.0888999753452238	interview_direct_distribution	llama-3.2-3b-instruct	2	0.3	0.3								
Q123	203070541	Europe | Rural | Lower Secondary	Europe	Rural	Lower Secondary	0	1	1.0888999753452238	interview_direct_distribution	llama-3.2-3b-instruct	1	0.3	0.3								
Q123	703071001	Europe | Rural | Lower Secondary	Europe	Rural	Lower Secondary	0	1	1.0888999753452238	interview_direct_distribution	llama-3.2-3b-instruct	0	0.3	0.3								
Q123	528070024	Europe | Rural | Lower Secondary	Europe	Rural	Lower Secondary	0	1	1.0888999753452238	interview_direct_distribution	llama-3.2-3b-instruct	2	0.3	0.3								
Q123	642070866	Europe | Rural | Lower Secondary	Europe	Rural	Lower Secondary	2	1	1.0888999753452238	interview_direct_distribution	llama-3.2-3b-instruct	1	0.3	0.3								
Q123	156070776	Asia | Urban | Upper to Post Secondary	Asia	Urban	Upper to Post Secondary	1	1	1.0296530140645737	interview_direct_distribution	llama-3.2-3b-instruct	2	0.5	0.2								
Q123	104070845	Asia | Urban | Upper to Post Secondary	Asia	Urban	Upper to Post Secondary	1	1	1.0296530140645737	interview_direct_distribution	llama-3.2-3b-instruct	0	0.5	0.2								
Q123	608070208	Asia | Urban | Upper to Post Secondary	Asia	Urban	Upper to Post Secondary	0	1	1.0296530140645737	interview_direct_distribution	llama-3.2-3b-instruct	2	0.5	0.2								
Q123	702071758	Asia | Urban | Upper to Post Secondary	Asia	Urban	Upper to Post Secondary	1	1	1.0296530140645737	interview_direct_distribution	llama-3.2-3b-instruct	1	0.5	0.2								
Q123	344070052	Asia | Urban | Upper to Post Secondary	Asia	Urban	Upper to Post Secondary	1	1	1.0296530140645737	interview_direct_distribution	llama-3.2-3b-instruct	2	0.5	0.2								
Q123	716070272	Africa | Rural | Primary or No Education	Africa	Rural	Primary or No Education	2	1	1.0888999753452238	interview_direct_distribution	llama-3.2-3b-instruct	0	0.3	0.3								
Q123	504070335	Africa | Rural | Primary or No Education	Africa	Rural	Primary or No Education	0	1	1.0888999753452238	interview_direct_distribution	llama-3.2-3b-instruct	0	0.3	0.3								
Q123	404070569	Africa | Rural | Primary or No Education	Africa	Rural	Primary or No Education	1	1	1.0888999753452238	interview_direct_distribution	llama-3.2-3b-instruct	1	0.3	0.3								
Q123	231070213	Africa | Rural | Primary or No Education	Africa	Rural	Primary or No Education	1	1	1.0888999753452238	interview_direct_distribution	llama-3.2-3b-instruct	2	0.3	0.3								
Q123	231070136	Africa | Rural | Primary or No Education	Africa	Rural	Primary or No Education	0	1	1.0888999753452238	interview_direct_distribution	llama-3.2-3b-instruct	2	0.3	0.3								
Q123	320070876	North America | Urban | Tertiary	North America	Urban	Tertiary	0	1	0.9745701894462542	interview_direct_distribution	llama-3.2-3b-instruct	0	0.55	0.15								
Q123	840072119	North America | Urban | Tertiary	North America	Urban	Tertiary	1	1	0.9745701894462542	interview_direct_distribution	llama-3.2-3b-instruct	1	0.55	0.15								
Q123	124075822	North America | Urban | Tertiary	North America	Urban	Tertiary	1	1	0.9745701894462542	interview_direct_distribution	llama-3.2-3b-instruct	1	0.55	0.15								
Q123	124070063	North America | Urban | Tertiary	North America	Urban	Tertiary	1	1	0.9745701894462542	interview_direct_distribution	llama-3.2-3b-instruct	2	0.55	0.15								
Q123	840071424	North America | Urban | Tertiary	North America	Urban	Tertiary	0	1	0.9745701894462542	interview_direct_distribution	llama-3.2-3b-instruct	2	0.55	0.15								
Q123	862071157	South America | Urban | Lower Secondary	South America	Urban	Lower Secondary	0	1	1.0888999753452238	interview_direct_distribution	llama-3.2-3b-instruct	2	0.3	0.3								
Q123	170075163	South America | Urban | Lower Secondary	South America	Urban	Lower Secondary	0	1	1.0888999753452238	interview_direct_distribution	llama-3.2-3b-instruct	2	0.3	0.3								
Q123	152070632	South America | Urban | Lower Secondary	South America	Urban	Lower Secondary	1	1	1.0888999753452238	interview_direct_distribution	llama-3.2-3b-instruct	2	0.3	0.3								
Q123	68070996	South America | Urban | Lower Secondary	South America	Urban	Lower Secondary	2	1	1.0888999753452238	interview_direct_distribution	llama-3.2-3b-instruct	2	0.3	0.3								
Q123	170074624	South America | Urban | Lower Secondary	South America	Urban	Lower Secondary	2	1	1.0888999753452238	interview_direct_distribution	llama-3.2-3b-instruct	2	0.3	0.3								
Q132	276070653	Europe | Urban | Tertiary	Europe	Urban	Tertiary	2	2	1.2798542258336676	interview_direct_distribution	llama-3.2-3b-instruct	3	0.2	0.3	0.4	0.1						
Q132	528072089	Europe | Urban | Tertiary	Europe	Urban	Tertiary	1	2	1.2798542258336676	interview_direct_distribution	llama-3.2-3b-instruct	4	0.2	0.3	0.4	0.1						
Q132	826070150	Europe | Urban | Tertiary	Europe	Urban	Tertiary	3	2	1.2798542258336676	interview_direct_distribution	llama-3.2-3b-instruct	4	0.2	0.3	0.4	0.1						
Q132	909070272	Europe | Urban | Tertiary	Europe	Urban	Tertiary	4	2	1.2798542258336676	interview_direct_distribution	llama-3.2-3b-instruct	3	0.2	0.3	0.4	0.1						
Q132	804070128	Europe | Urban | Tertiary	Europe	Urban	Tertiary	4	2	1.2798542258336676	interview_direct_distribution	llama-3.2-3b-instruct	4	0.2	0.3	0.4	0.1						
Q132	51070146	Europe | Rural | Lower Secondary	Europe	Rural	Lower Secondary	3	2	1.2798542258336676	interview_direct_distribution	llama-3.2-3b-instruct	1	0.2	0.3	0.4	0.1						
Q132	643071643	Europe | Rural | Lower Secondary	Europe	Rural	Lower Secondary	3	2	1.2798542258336676	interview_direct_distribution	llama-3.2-3b-instruct	4	0.2	0.3	0.4	0.1						
Q132	826071540	Europe | Rural | Lower Secondary	Europe	Rural	Lower Secondary	1	2	1.2798542258336676	interview_direct_distribution	llama-3.2-3b-instruct	3	0.2	0.3	0.4	0.1						
Q132	703070143	Europe | Rural | Lower Secondary	Europe	Rural	Lower Secondary	2	2	1.2798542258336676	interview_direct_distribution	llama-3.2-3b-instruct	4	0.2	0.3	0.4	0.1						
Q132	826071429	Europe | Rural | Lower Secondary	Europe	Rural	Lower Secondary	1	2	1.2798542258336676	interview_direct_distribution	llama-3.2-3b-instruct	2	0.2	0.3	0.4	0.1						
Q132	702070855	Asia | Urban | Upper to Post Secondary	Asia	Urban	Upper to Post Secondary	3	2	1.2798542258336676	interview_direct_distribution	llama-3.2-3b-instruct	3	0.2	0.3	0.4	0.1						
Q132	704070254	Asia | Urban | Upper to Post Secondary	Asia	Urban	Upper to Post Secondary	1	2	1.2798542258336676	interview_direct_distribution	llama-3.2-3b-instruct	3	0.2	0.3	0.4	0.1						
Q132	496071442	Asia | Urban | Upper to Post Secondary	Asia	Urban	Upper to Post Secondary	2	2	1.2798542258336676	interview_direct_distribution	llama-3.2-3b-instruct	3	0.2	0.3	0.4	0.1						
Q132	446070936	Asia | Urban | Upper to Post Secondary	Asia	Urban	Upper to Post Secondary	3	2	1.2798542258336676	interview_direct_distribution	llama-3.2-3b-instruct	4	0.2	0.3	0.4	0.1						
Q132	344070190	Asia | Urban | Upper to Post Secondary	Asia	Urban	Upper to Post Secondary	1	2	1.2798542258336676	interview_direct_distribution	llama-3.2-3b-instruct	4	0.2	0.3	0.4	0.1						
Q132	716070330	Africa | Rural | Primary or No Education	Africa	Rural	Primary or No Education	3	2	1.2798542258336676	interview_direct_distribution	llama-3.2-3b-instruct	3	0.2	0.3	0.4	0.1						
Q132	716070185	Africa | Rural | Primary or No Education	Africa	Rural	Primary or No Education	2	2	1.2798542258336676	interview_direct_distribution	llama-3.2-3b-instruct	3	0.2	0.3	0.4	0.1						
Q132	566070957	Africa | Rural | Primary or No Education	Africa	Rural	Primary or No Education	2	2	1.2798542258336676	interview_direct_distribution	llama-3.2-3b-instruct	2	0.2	0.3	0.4	0.1						
Q132	504070533	Africa | Rural | Primary or No Education	Africa	Rural	Primary or No Education	2	2	1.2798542258336676	interview_direct_distribution	llama-3.2-3b-instruct	4	0.2	0.3	0.4	0.1						
Q132	231070846	Africa | Rural | Primary or No Education	Africa	Rural	Primary or No Education	2	2	1.2798542258336676	interview_direct_distribution	llama-3.2-3b-instruct	3	0.2	0.3	0.4	0.1						
Q132	124073485	North America | Urban | Tertiary	North America	Urban	Tertiary	3	2	1.2798542258336676	interview_direct_distribution	llama-3.2-3b-instruct	3	0.2	0.3	0.4	0.1						
Q132	320070586	North America | Urban | Tertiary	North America	Urban	Tertiary	1	2	1.2798542258336676	interview_direct_distribution	llama-3.2-3b-instruct	3	0.2	0.3	0.4	0.1						
Q132	124075955	North America | Urban | Tertiary	North America	Urban	Tertiary	2	2	1.2798542258336676	interview_direct_distribution	llama-3.2-3b-instruct	3	0.2	0.3	0.4	0.1						
Q132	840072460	North America | Urban | Tertiary	North America	Urban	Tertiary	2	2	1.2798542258336676	interview_direct_distribution	llama-3.2-3b-instruct	4	0.2	0.3	0.4	0.1						
Q132	124072655	North America | Urban | Tertiary	North America	Urban	Tertiary	1	2	1.2798542258336676	interview_direct_distribution	llama-3.2-3b-instruct	3	0.2	0.3	0.4	0.1						
Q132	218070576	South America | Urban | Lower Secondary	South America	Urban	Lower Secondary	2	2	1.2798542258336676	interview_direct_distribution	llama-3.2-3b-instruct	3	0.2	0.3	0.4	0.1						
Q132	152070523	South America | Urban | Lower Secondary	South America	Urban	Lower Secondary	1	2	1.2798542258336676	interview_direct_distribution	llama-3.2-3b-instruct	2	0.2	0.3	0.4	0.1						
Q132	862071193	South America | Urban | Lower Secondary	South America	Urban	Lower Secondary	2	2	1.2798542258336676	interview_direct_distribution	llama-3.2-3b-instruct	4	0.2	0.3	0.4	0.1						
Q132	68070092	South America | Urban | Lower Secondary	South America	Urban	Lower Secondary	3	2	1.2798542258336676	interview_direct_distribution	llama-3.2-3b-instruct	4	0.2	0.3	0.4	0.1						
Q132	32070886	South America | Urban | Lower Secondary	South America	Urban	Lower Secondary	3	2	1.2798542258336676	interview_direct_distribution	llama-3.2-3b-instruct	4	0.2	0.3	0.4	0.1						
Q158	51070223	Europe | Urban | Tertiary	Europe	Urban	Tertiary	10	8	2.173361455365967	interview_direct_distribution	llama-3.2-3b-instruct	10	0.015625	0.04687499999999999	0.0625	0.078125	0.09374999999999999	0.10937499999999999	0.125	0.140625	0.15625	0.171875
Q158	300070274	Europe | Urban | Tertiary	Europe	Urban	Tertiary	3	8	2.173361455365967	interview_direct_distribution	llama-3.2-3b-instruct	10	0.015625	0.04687499999999999	0.0625	0.078125	0.09374999999999999	0.10937499999999999	0.125	0.140625	0.15625	0.171875
Q158	642070272	Europe | Urban | Tertiary	Europe	Urban	Tertiary	3	8	2.173361455365967	interview_direct_distribution	llama-3.2-3b-instruct	7	0.015625	0.04687499999999999	0.0625	0.078125	0.09374999999999999	0.10937499999999999	0.125	0.140625	0.15625	0.171875
Q158	196070897	Europe | Urban | Tertiary	Europe	Urban	Tertiary	5	8	2.173361455365967	interview_direct_distribution	llama-3.2-3b-instruct	1	0.015625	0.04687499999999999	0.0625	0.078125	0.09374999999999999	0.10937499999999999	0.125	0.140625	0.15625	0.171875
Q158	703071198	Europe | Urban | Tertiary	Europe	Urban	Tertiary	7	8	2.173361455365967	interview_direct_distribution	llama-3.2-3b-instruct	10	0.015625	0.04687499999999999	0.0625	0.078125	0.09374999999999999	0.10937499999999999	0.125	0.140625	0.15625	0.171875
Q158	703070629	Europe | Rural | Lower Secondary	Europe	Rural	Lower Secondary	10	6	2.1635029658154084	interview_direct_distribution	llama-3.2-3b-instruct	8	0.012820512820512824	0.038461538461538464	0.06410256410256411	0.07692307692307693	0.10256410256410259	0.1153846153846154	0.12820512820512822	0.14102564102564105	0.15384615384615385	0.16666666666666669
Q158	703070453	Europe | Rural | Lower Secondary	Europe	Rural	Lower Secondary	8	6	2.1635029658154084	interview_direct_distribution	llama-3.2-3b-instruct	8	0.012820512820512824	0.038461538461538464	0.06410256410256411	0.07692307692307693	0.10256410256410259	0.1153846153846154	0.12820512820512822	0.14102564102564105	0.15384615384615385	0.16666666666666669
Q158	826070266	Europe | Rural | Lower Secondary	Europe	Rural	Lower Secondary	9	6	2.1635029658154084	interview_direct_distribution	llama-3.2-3b-instruct	7	0.012820512820512824	0.038461538461538464	0.06410256410256411	0.07692307692307693	0.10256410256410259	0.1153846153846154	0.12820512820512822	0.14102564102564105	0.15384615384615385	0.16666666666666669
Q158	826071625	Europe | Rural | Lower Secondary	Europe	Rural	Lower Secondary	4	6	2.1635029658154084	interview_direct_distribution	llama-3.2-3b-instruct	5	0.012820512820512824	0.038461538461538464	0.06410256410256411	0.07692307692307693	0.10256410256410259	0.1153846153846154	0.12820512820512822	0.14102564102564105	0.15384615384615385	0.16666666666666669
Q158	703070414	Europe | Rural | Lower Secondary	Europe	Rural	Lower Secondary	5	6	2.1635029658154084	interview_direct_distribution	llama-3.2-3b-instruct	10	0.012820512820512824	0.038461538461538464	0.06410256410256411	0.07692307692307693	0.10256410256410259	0.1153846153846154	0.12820512820512822	0.14102564102564105	0.15384615384615385	0.16666666666666669
Q158	360070388	Asia | Urban | Upper to Post Secondary	Asia	Urban	Upper to Post Secondary	6	8	2.173361455365967	interview_direct_distribution	llama-3.2-3b-instruct	8	0.015625	0.04687499999999999	0.0625	0.078125	0.09374999999999999	0.10937499999999999	0.125	0.140625	0.15625	0.171875
Q158	156070515	Asia | Urban | Upper to Post Secondary	Asia	Urban	Upper to Post Secondary	7	8	2.173361455365967	interview_direct_distribution	llama-3.2-3b-instruct	6	0.015625	0.04687499999999999	0.0625	0.078125	0.09374999999999999	0.10937499999999999	0.125	0.140625	0.15625	0.171875
Q158	458070808	Asia | Urban | Upper to Post Secondary	Asia	Urban	Upper to Post Secondary	5	8	2.173361455365967	interview_direct_distribution	llama-3.2-3b-instruct	8	0.015625	0.04687499999999999	0.0625	0.078125	0.09374999999999999	0.10937499999999999	0.125	0.140625	0.15625	0.171875
Q158	398070021	Asia | Urban | Upper to Post Secondary	Asia	Urban	Upper to Post Secondary	5	8	2.173361455365967	interview_direct_distribution	llama-3.2-3b-instruct	5	0.015625	0.04687499999999999	0.0625	0.078125	0.09374999999999999	0.10937499999999999	0.125	0.140625	0.15625	0.171875
Q158	792070780	Asia | Urban | Upper to Post Secondary	Asia	Urban	Upper to Post Secondary	9	8	2.173361455365967	interview_direct_distribution	llama-3.2-3b-instruct	8	0.015625	0.04687499999999999	0.0625	0.078125	0.09374999999999999	0.10937499999999999	0.125	0.140625	0.15625	0.171875
Q158	566070050	Africa | Rural | Primary or No Education	Africa	Rural	Primary or No Education	8	6	2.13848577862556	interview_direct_distribution	llama-3.2-3b-instruct	10	0.01149425287356322	0.034482758620689655	0.0574712643678161	0.06896551724137931	0.09195402298850576	0.1149425287356322	0.13793103448275862	0.14942528735632185	0.16091954022988506	0.1724137931034483
Q158	818070283	Africa | Rural | Primary or No Education	Africa	Rural	Primary or No Education	7	6	2.13848577862556	interview_direct_distribution	llama-3.2-3b-instruct	8	0.01149425287356322	0.034482758620689655	0.0574712643678161	0.06896551724137931	0.09195402298850576	0.1149425287356322	0.13793103448275862	0.14942528735632185	0.16091954022988506	0.1724137931034483
Q158	404071181	Africa | Rural | Primary or No Education	Africa	Rural	Primary or No Education	10	6	2.13848577862556	interview_direct_distribution	llama-3.2-3b-instruct	3	0.01149425287356322	0.034482758620689655	0.0574712643678161	0.06896551724137931	0.09195402298850576	0.1149425287356322	0.13793103448275862	0.14942528735632185	0.16091954022988506	0.1724137931034483
Q158	504070674	Africa | Rural | Primary or No Education	Africa	Rural	Primary or No Education	7	6	2.13848577862556	interview_direct_distribution	llama-3.2-3b-instruct	7	0.01149425287356322	0.034482758620689655	0.0574712643678161	0.06896551724137931	0.09195402298850576	0.1149425287356322	0.13793103448275862	0.14942528735632185	0.16091954022988506	0.1724137931034483
Q158	231070731	Africa | Rural | Primary or No Education	Africa	Rural	Primary or No Education	5	6	2.13848577862556	interview_direct_distribution	llama-3.2-3b-instruct	10	0.01149425287356322	0.034482758620689655	0.0574712643678161	0.06896551724137931	0.09195402298850576	0.1149425287356322	0.13793103448275862	0.14942528735632185	0.16091954022988506	0.1724137931034483
Q158	840071654	North America | Urban | Tertiary	North America	Urban	Tertiary	6	8	2.173361455365967	interview_direct_distribution	llama-3.2-3b-instruct	5	0.015625	0.04687499999999999	0.0625	0.078125	0.09374999999999999	0.10937499999999999	0.125	0.140625	0.15625	0.171875
Q158	630070824	North America | Urban | Tertiary	North America	Urban	Tertiary	5	8	2.173361455365967	interview_direct_distribution	llama-3.2-3b-instruct	10	0.015625	0.04687499999999999	0.0625	0.078125	0.09374999999999999	0.10937499999999999	0.125	0.140625	0.15625	0.171875
Q158	840072805	North America | Urban | Tertiary	North America	Urban	Tertiary	4	8	2.173361455365967	interview_direct_distribution	llama-3.2-3b-instruct	8	0.015625	0.04687499999999999	0.0625	0.078125	0.09374999999999999	0.10937499999999999	0.125	0.140625	0.15625	0.171875
Q158	124076065	North America | Urban | Tertiary	North America	Urban	Tertiary	8	8	2.173361455365967	interview_direct_distribution	llama-3.2-3b-instruct	4	0.015625	0.04687499999999999	0.0625	0.078125	0.09374999999999999	0.10937499999999999	0.125	0.140625	0.15625	0.171875
Q158	630070132	North America | Urban | Tertiary	North America	Urban	Tertiary	4	8	2.173361455365967	interview_direct_distribution	llama-3.2-3b-instruct	1	0.015625	0.04687499999999999	0.0625	0.078125	0.09374999999999999	0.10937499999999999	0.125	0.140625	0.15625	0.171875
Q158	32070060	South America | Urban | Lower Secondary	South America	Urban	Lower Secondary	9	6	2.1635029658154084	interview_direct_distribution	llama-3.2-3b-instruct	8	0.012820512820512824	0.038461538461538464	0.06410256410256411	0.07692307692307693	0.10256410256410259	0.1153846153846154	0.12820512820512822	0.14102564102564105	0.15384615384615385	0.16666666666666669
Q158	604071106	South America | Urban | Lower Secondary	South America	Urban	Lower Secondary	2	6	2.1635029658154084	interview_direct_distribution	llama-3.2-3b-instruct	10	0.012820512820512824	0.038461538461538464	0.06410256410256411	0.07692307692307693	0.10256410256410259	0.1153846153846154	0.12820512820512822	0.14102564102564105	0.15384615384615385	0.16666666666666669
Q158	32070066	South America | Urban | Lower Secondary	South America	Urban	Lower Secondary	8	6	2.1635029658154084	interview_direct_distribution	llama-3.2-3b-instruct	5	0.012820512820512824	0.038461538461538464	0.06410256410256411	0.07692307692307693	0.10256410256410259	0.1153846153846154	0.12820512820512822	0.14102564102564105	0.15384615384615385	0.16666666666666669
Q158	68070933	South America | Urban | Lower Secondary	South America	Urban	Lower Secondary	8	6	2.1635029658154084	interview_direct_distribution	llama-3.2-3b-instruct	8	0.012820512820512824	0.038461538461538464	0.06410256410256411	0.07692307692307693	0.10256410256410259	0.1153846153846154	0.12820512820512822	0.14102564102564105	0.15384615384615385	0.16666666666666669
Q158	218070576	South America | Urban | Lower Secondary	South America	Urban	Lower Secondary	2	6	2.1635029658154084	interview_direct_distribution	llama-3.2-3b-instruct	8	0.012820512820512824	0.038461538461538464	0.06410256410256411	0.07692307692307693	0.10256410256410259	0.1153846153846154	0.12820512820512822	0.14102564102564105	0.15384615384615385	0.16666666666666669
Q165	196070507	Europe | Urban | Tertiary	Europe	Urban	Tertiary	2	1	0.6881388137135884	interview_direct_distribution	llama-3.2-3b-instruct	1	0.55	0.45								
Q165	300070274	Europe | Urban | Tertiary	Europe	Urban	Tertiary	2	1	0.6881388137135884	interview_direct_distribution	llama-3.2-3b-instruct	1	0.55	0.45								
Q165	826070892	Europe | Urban | Tertiary	Europe	Urban	Tertiary	1	1	0.6881388137135884	interview_direct_distribution	llama-3.2-3b-instruct	2	0.55	0.45								
Q165	826070316	Europe | Urban | Tertiary	Europe	Urban	Tertiary	2	1	0.6881388137135884	interview_direct_distribution	llama-3.2-3b-instruct	1	0.55	0.45								
Q165	909070245	Europe | Urban | Tertiary	Europe	Urban	Tertiary	2	1	0.6881388137135884	interview_direct_distribution	llama-3.2-3b-instruct	1	0.55	0.45								
Q165	909070291	Europe | Rural | Lower Secondary	Europe	Rural	Lower Secondary	1	1	0.5004024235381879	interview_direct_distribution	llama-3.2-3b-instruct	2	0.8	0.2								
Q165	826071634	Europe | Rural | Lower Secondary	Europe	Rural	Lower Secondary	1	1	0.5004024235381879	interview_direct_distribution	llama-3.2-3b-instruct	2	0.8	0.2								
Q165	688071169	Europe | Rural | Lower Secondary	Europe	Rural	Lower Secondary	1	1	0.5004024235381879	interview_direct_distribution	llama-3.2-3b-instruct	1	0.8	0.2								
Q165	528072095	Europe | Rural | Lower Secondary	Europe	Rural	Lower Secondary	1	1	0.5004024235381879	interview_direct_distribution	llama-3.2-3b-instruct	2	0.8	0.2								
Q165	643070420	Europe | Rural | Lower Secondary	Europe	Rural	Lower Secondary	1	1	0.5004024235381879	interview_direct_distribution	llama-3.2-3b-instruct	1	0.8	0.2								
Q165	417071067	Asia | Urban | Upper to Post Secondary	Asia	Urban	Upper to Post Secondary	1	1	0.6881388137135884	interview_direct_distribution	llama-3.2-3b-instruct	1	0.55	0.45								
Q165	156072444	Asia | Urban | Upper to Post Secondary	Asia	Urban	Upper to Post Secondary	1	1	0.6881388137135884	interview_direct_distribution	llama-3.2-3b-instruct	2	0.55	0.45								
Q165	344071117	Asia | Urban | Upper to Post Secondary	Asia	Urban	Upper to Post Secondary	2	1	0.6881388137135884	interview_direct_distribution	llama-3.2-3b-instruct	2	0.55	0.45								
Q165	392070317	Asia | Urban | Upper to Post Secondary	Asia	Urban	Upper to Post Secondary	2	1	0.6881388137135884	interview_direct_distribution	llama-3.2-3b-instruct	2	0.55	0.45								
Q165	360072982	Asia | Urban | Upper to Post Secondary	Asia	Urban	Upper to Post Secondary	1	1	0.6881388137135884	interview_direct_distribution	llama-3.2-3b-instruct	1	0.55	0.45								
Q165	566071103	Africa | Rural | Primary or No Education	Africa	Rural	Primary or No Education	1	1	0.5004024235381879	interview_direct_distribution	llama-3.2-3b-instruct	1	0.8	0.2								
Q165	566070084	Africa | Rural | Primary or No Education	Africa	Rural	Primary or No Education	1	1	0.5004024235381879	interview_direct_distribution	llama-3.2-3b-instruct	1	0.8	0.2								
Q165	231070877	Africa | Rural | Primary or No Education	Africa	Rural	Primary or No Education	2	1	0.5004024235381879	interview_direct_distribution	llama-3.2-3b-instruct	1	0.8	0.2								
Q165	231070692	Africa | Rural | Primary or No Education	Africa	Rural	Primary or No Education	1	1	0.5004024235381879	interview_direct_distribution	llama-3.2-3b-instruct	1	0.8	0.2								
Q165	231070235	Africa | Rural | Primary or No Education	Africa	Rural	Primary or No Education	1	1	0.5004024235381879	interview_direct_distribution	llama-3.2-3b-instruct	1	0.8	0.2								
Q165	630071124	North America | Urban | Tertiary	North America	Urban	Tertiary	1	1	0.6881388137135884	interview_direct_distribution	llama-3.2-3b-instruct	1	0.55	0.45								
Q165	320070612	North America | Urban | Tertiary	North America	Urban	Tertiary	1	1	0.6881388137135884	interview_direct_distribution	llama-3.2-3b-instruct	1	0.55	0.45								
Q165	840072421	North America | Urban | Tertiary	North America	Urban	Tertiary	1	1	0.6881388137135884	interview_direct_distribution	llama-3.2-3b-instruct	1	0.55	0.45								
Q165	558070714	North America | Urban | Tertiary	North America	Urban	Tertiary	2	1	0.6881388137135884	interview_direct_distribution	llama-3.2-3b-instruct	1	0.55	0.45								
Q165	320070316	North America | Urban | Tertiary	North America	Urban	Tertiary	1	1	0.6881388137135884	interview_direct_distribution	llama-3.2-3b-instruct	1	0.55	0.45								
Q165	76070059	South America | Urban | Lower Secondary	South America	Urban	Lower Secondary	2	1	0.5004024235381879	interview_direct_distribution	llama-3.2-3b-instruct	1	0.8	0.2								
Q165	32070430	South America | Urban | Lower Secondary	South America	Urban	Lower Secondary	2	1	0.5004024235381879	interview_direct_distribution	llama-3.2-3b-instruct	1	0.8	0.2								
Q165	76071633	South America | Urban | Lower Secondary	South America	Urban	Lower Secondary	1	1	0.5004024235381879	interview_direct_distribution	llama-3.2-3b-instruct	1	0.8	0.2								
Q165	862070447	South America | Urban | Lower Secondary	South America	Urban	Lower Secondary	2	1	0.5004024235381879	interview_direct_distribution	llama-3.2-3b-instruct	1	0.8	0.2								
Q165	76071434	South America | Urban | Lower Secondary	South America	Urban	Lower Secondary	1	1	0.5004024235381879	interview_direct_distribution	llama-3.2-3b-instruct	1	0.8	0.2								
Q178	528072126	Europe | Urban | Tertiary	Europe	Urban	Tertiary	10	6	2.173361455365967	interview_direct_distribution	llama-3.2-3b-instruct	1	0.015625	0.04687499999999999	0.0625	0.078125	0.09374999999999999	0.10937499999999999	0.125	0.140625	0.15625	0.171875
Q178	688070894	Europe | Urban | Tertiary	Europe	Urban	Tertiary	5	6	2.173361455365967	interview_direct_distribution	llama-3.2-3b-instruct	6	0.015625	0.04687499999999999	0.0625	0.078125	0.09374999999999999	0.10937499999999999	0.125	0.140625	0.15625	0.171875
Q178	528072089	Europe | Urban | Tertiary	Europe	Urban	Tertiary	10	6	2.173361455365967	interview_direct_distribution	llama-3.2-3b-instruct	3	0.015625	0.04687499999999999	0.0625	0.078125	0.09374999999999999	0.10937499999999999	0.125	0.140625	0.15625	0.171875
Q178	203070799	Europe | Urban | Tertiary	Europe	Urban	Tertiary	5	6	2.173361455365967	interview_direct_distribution	llama-3.2-3b-instruct	10	0.015625	0.04687499999999999	0.0625	0.078125	0.09374999999999999	0.10937499999999999	0.125	0.140625	0.15625	0.171875
Q178	688070189	Europe | Urban | Tertiary	Europe	Urban	Tertiary	1	6	2.173361455365967	interview_direct_distribution	llama-3.2-3b-instruct	5	0.015625	0.04687499999999999	0.0625	0.078125	0.09374999999999999	0.10937499999999999	0.125	0.140625	0.15625	0.171875
Q178	703070666	Europe | Rural | Lower Secondary	Europe	Rural	Lower Secondary	3	6	2.173361455365967	interview_direct_distribution	llama-3.2-3b-instruct	1	0.015625	0.04687499999999999	0.0625	0.078125	0.09374999999999999	0.10937499999999999	0.125	0.140625	0.15625	0.171875
Q178	643070099	Europe | Rural | Lower Secondary	Europe	Rural	Lower Secondary	9	6	2.173361455365967	interview_direct_distribution	llama-3.2-3b-instruct	10	0.015625	0.04687499999999999	0.0625	0.078125	0.09374999999999999	0.10937499999999999	0.125	0.140625	0.15625	0.171875
Q178	703070351	Europe | Rural | Lower Secondary	Europe	Rural	Lower Secondary	5	6	2.173361455365967	interview_direct_distribution	llama-3.2-3b-instruct	7	0.015625	0.04687499999999999	0.0625	0.078125	0.09374999999999999	0.10937499999999999	0.125	0.140625	0.15625	0.171875
Q178	826071625	Europe | Rural | Lower Secondary	Europe	Rural	Lower Secondary	10	6	2.173361455365967	interview_direct_distribution	llama-3.2-3b-instruct	1	0.015625	0.04687499999999999	0.0625	0.078125	0.09374999999999999	0.10937499999999999	0.125	0.140625	0.15625	0.171875
Q178	826071634	Europe | Rural | Lower Secondary	Europe	Rural	Lower Secondary	7	6	2.173361455365967	interview_direct_distribution	llama-3.2-3b-instruct	1	0.015625	0.04687499999999999	0.0625	0.078125	0.09374999999999999	0.10937499999999999	0.125	0.140625	0.15625	0.171875
Q178	398071022	Asia | Urban | Upper to Post Secondary	Asia	Urban	Upper to Post Secondary	6	6	2.173361455365967	interview_direct_distribution	llama-3.2-3b-instruct	1	0.015625	0.04687499999999999	0.0625	0.078125	0.09374999999999999	0.10937499999999999	0.125	0.140625	0.15625	0.171875
Q178	392070099	Asia | Urban | Upper to Post Secondary	Asia	Urban	Upper to Post Secondary	7	6	2.173361455365967	interview_direct_distribution	llama-3.2-3b-instruct	1	0.015625	0.04687499999999999	0.0625	0.078125	0.09374999999999999	0.10937499999999999	0.125	0.140625	0.15625	0.171875
Q178	344070330	Asia | Urban | Upper to Post Secondary	Asia	Urban	Upper to Post Secondary	5	6	2.173361455365967	interview_direct_distribution	llama-3.2-3b-instruct	1	0.015625	0.04687499999999999	0.0625	0.078125	0.09374999999999999	0.10937499999999999	0.125	0.140625	0.15625	0.171875
Q178	360072872	Asia | Urban | Upper to Post Secondary	Asia	Urban	Upper to Post Secondary	4	6	2.173361455365967	interview_direct_distribution	llama-3.2-3b-instruct	2	0.015625	0.04687499999999999	0.0625	0.078125	0.09374999999999999	0.10937499999999999	0.125	0.140625	0.15625	0.171875
Q178	158070352	Asia | Urban | Upper to Post Secondary	Asia	Urban	Upper to Post Secondary	8	6	2.173361455365967	interview_direct_distribution	llama-3.2-3b-instruct	1	0.015625	0.04687499999999999	0.0625	0.078125	0.09374999999999999	0.10937499999999999	0.125	0.140625	0.15625	0.171875
Q178	818070986	Africa | Rural | Primary or No Education	Africa	Rural	Primary or No Education	9	6	2.173361455365967	interview_direct_distribution	llama-3.2-3b-instruct	1	0.015625	0.04687499999999999	0.0625	0.078125	0.09374999999999999	0.10937499999999999	0.125	0.140625	0.15625	0.171875
Q178	716071161	Africa | Rural | Primary or No Education	Africa	Rural	Primary or No Education	2	6	2.173361455365967	interview_direct_distribution	llama-3.2-3b-instruct	2	0.015625	0.04687499999999999	0.0625	0.078125	0.09374999999999999	0.10937499999999999	0.125	0.140625	0.15625	0.171875
Q178	231070711	Africa | Rural | Primary or No Education	Africa	Rural	Primary or No Education	10	6	2.173361455365967	interview_direct_distribution	llama-3.2-3b-instruct	1	0.015625	0.04687499999999999	0.0625	0.078125	0.09374999999999999	0.10937499999999999	0.125	0.140625	0.15625	0.171875
Q178	231070195	Africa | Rural | Primary or No Education	Africa	Rural	Primary or No Education	4	6	2.173361455365967	interview_direct_distribution	llama-3.2-3b-instruct	1	0.015625	0.04687499999999999	0.0625	0.078125	0.09374999999999999	0.10937499999999999	0.125	0.140625	0.15625	0.171875
Q178	504070333	Africa | Rural | Primary or No Education	Africa	Rural	Primary or No Education	10	6	2.173361455365967	interview_direct_distribution	llama-3.2-3b-instruct	1	0.015625	0.04687499999999999	0.0625	0.078125	0.09374999999999999	0.10937499999999999	0.125	0.140625	0.15625	0.171875
Q178	630070293	North America | Urban | Tertiary	North America	Urban	Tertiary	4	6	2.173361455365967	interview_direct_distribution	llama-3.2-3b-instruct	1	0.015625	0.04687499999999999	0.0625	0.078125	0.09374999999999999	0.10937499999999999	0.125	0.140625	0.15625	0.171875
Q178	124070575	North America | Urban | Tertiary	North America	Urban	Tertiary	9	6	2.173361455365967	interview_direct_distribution	llama-3.2-3b-instruct	4	0.015625	0.04687499999999999	0.0625	0.078125	0.09374999999999999	0.10937499999999999	0.125	0.140625	0.15625	0.171875
Q178	124070701	North America | Urban | Tertiary	North America	Urban	Tertiary	6	6	2.173361455365967	interview_direct_distribution	llama-3.2-3b-instruct	6	0.015625	0.04687499999999999	0.0625	0.078125	0.09374999999999999	0.10937499999999999	0.125	0.140625	0.15625	0.171875
Q178	124071732	North America | Urban | Tertiary	North America	Urban	Tertiary	9	6	2.173361455365967	interview_direct_distribution	llama-3.2-3b-instruct	10	0.015625	0.04687499999999999	0.0625	0.078125	0.09374999999999999	0.10937499999999999	0.125	0.140625	0.15625	0.171875
Q178	840071135	North America | Urban | Tertiary	North America	Urban	Tertiary	10	6	2.173361455365967	interview_direct_distribution	llama-3.2-3b-instruct	1	0.015625	0.04687499999999999	0.0625	0.078125	0.09374999999999999	0.10937499999999999	0.125	0.140625	0.15625	0.171875
Q178	32070493	South America | Urban | Lower Secondary	South America	Urban	Lower Secondary	7	6	2.173361455365967	interview_direct_distribution	llama-3.2-3b-instruct	3	0.015625	0.04687499999999999	0.0625	0.078125	0.09374999999999999	0.10937499999999999	0.125	0.140625	0.15625	0.171875
Q178	170074738	South America | Urban | Lower Secondary	South America	Urban	Lower Secondary	10	6	2.173361455365967	interview_direct_distribution	llama-3.2-3b-instruct	10	0.015625	0.04687499999999999	0.0625	0.078125	0.09374999999999999	0.10937499999999999	0.125	0.140625	0.15625	0.171875
Q178	218070472	South America | Urban | Lower Secondary	South America	Urban	Lower Secondary	8	6	2.173361455365967	interview_direct_distribution	llama-3.2-3b-instruct	4	0.015625	0.04687499999999999	0.0625	0.078125	0.09374999999999999	0.10937499999999999	0.125	0.140625	0.15625	0.171875
Q178	170071533	South America | Urban | Lower Secondary	South America	Urban	Lower Secondary	8	6	2.173361455365967	interview_direct_distribution	llama-3.2-3b-instruct	1	0.015625	0.04687499999999999	0.0625	0.078125	0.09374999999999999	0.10937499999999999	0.125	0.140625	0.15625	0.171875
Q178	76071633	South America | Urban | Lower Secondary	South America	Urban	Lower Secondary	8	6	2.173361455365967	interview_direct_distribution	llama-3.2-3b-instruct	5	0.015625	0.04687499999999999	0.0625	0.078125	0.09374999999999999	0.10937499999999999	0.125	0.140625	0.15625	0.171875
Q201	643070678	Europe | Urban | Tertiary	Europe	Urban	Tertiary	2	2	1.4897673640073499	interview_direct_distribution	llama-3.2-3b-instruct	1	0.21052631578947367	0.3157894736842105	0.2631578947368421	0.15789473684210525	0.05263157894736842					
Q201	276071486	Europe | Urban | Tertiary	Europe	Urban	Tertiary	4	2	1.4897673640073499	interview_direct_distribution	llama-3.2-3b-instruct	4	0.21052631578947367	0.3157894736842105	0.2631578947368421	0.15789473684210525	0.05263157894736842					
Q201	826071549	Europe | Urban | Tertiary	Europe	Urban	Tertiary	3	2	1.4897673640073499	interview_direct_distribution	llama-3.2-3b-instruct	1	0.21052631578947367	0.3157894736842105	0.2631578947368421	0.15789473684210525	0.05263157894736842					
Q201	528070686	Europe | Urban | Tertiary	Europe	Urban	Tertiary	2	2	1.4897673640073499	interview_direct_distribution	llama-3.2-3b-instruct	5	0.21052631578947367	0.3157894736842105	0.2631578947368421	0.15789473684210525	0.05263157894736842					
Q201	826071068	Europe | Urban | Tertiary	Europe	Urban	Tertiary	3	2	1.4897673640073499	interview_direct_distribution	llama-3.2-3b-instruct	5	0.21052631578947367	0.3157894736842105	0.2631578947368421	0.15789473684210525	0.05263157894736842					
Q201	300070760	Europe | Rural | Lower Secondary	Europe	Rural	Lower Secondary	3	2	1.4897673640073499	interview_direct_distribution	llama-3.2-3b-instruct	5	0.21052631578947367	0.3157894736842105	0.2631578947368421	0.15789473684210525	0.05263157894736842					
Q201	909070176	Europe | Rural | Lower Secondary	Europe	Rural	Lower Secondary	5	2	1.4897673640073499	interview_direct_distribution	llama-3.2-3b-instruct	1	0.21052631578947367	0.3157894736842105	0.2631578947368421	0.15789473684210525	0.05263157894736842					
Q201	703070205	Europe | Rural | Lower Secondary	Europe	Rural	Lower Secondary	3	2	1.4897673640073499	interview_direct_distribution	llama-3.2-3b-instruct	3	0.21052631578947367	0.3157894736842105	0.2631578947368421	0.15789473684210525	0.05263157894736842					
Q201	643071520	Europe | Rural | Lower Secondary	Europe	Rural	Lower Secondary	4	2	1.4897673640073499	interview_direct_distribution	llama-3.2-3b-instruct	3	0.21052631578947367	0.3157894736842105	0.2631578947368421	0.15789473684210525	0.05263157894736842					
Q201	826070421	Europe | Rural | Lower Secondary	Europe	Rural	Lower Secondary	2	2	1.4897673640073499	interview_direct_distribution	llama-3.2-3b-instruct	2	0.21052631578947367	0.3157894736842105	0.2631578947368421	0.15789473684210525	0.05263157894736842					
Q201	762070815	Asia | Urban | Upper to Post Secondary	Asia	Urban	Upper to Post Secondary	2	2	1.4897673640073499	interview_direct_distribution	llama-3.2-3b-instruct	5	0.21052631578947367	0.3157894736842105	0.2631578947368421	0.15789473684210525	0.05263157894736842					
Q201	360072982	Asia | Urban | Upper to Post Secondary	Asia	Urban	Upper to Post Secondary	2	2	1.4897673640073499	interview_direct_distribution	llama-3.2-3b-instruct	5	0.21052631578947367	0.3157894736842105	0.2631578947368421	0.15789473684210525	0.05263157894736842					
Q201	344070386	Asia | Urban | Upper to Post Secondary	Asia	Urban	Upper to Post Secondary	1	2	1.4897673640073499	interview_direct_distribution	llama-3.2-3b-instruct	1	0.21052631578947367	0.3157894736842105	0.2631578947368421	0.15789473684210525	0.05263157894736842					
Q201	360070665	Asia | Urban | Upper to Post Secondary	Asia	Urban	Upper to Post Secondary	1	2	1.4897673640073499	interview_direct_distribution	llama-3.2-3b-instruct	1	0.21052631578947367	0.3157894736842105	0.2631578947368421	0.15789473684210525	0.05263157894736842					
Q201	344071521	Asia | Urban | Upper to Post Secondary	Asia	Urban	Upper to Post Secondary	2	2	1.4897673640073499	interview_direct_distribution	llama-3.2-3b-instruct	1	0.21052631578947367	0.3157894736842105	0.2631578947368421	0.15789473684210525	0.05263157894736842					
Q201	818070283	Africa | Rural | Primary or No Education	Africa	Rural	Primary or No Education	5	2	1.4897673640073499	interview_direct_distribution	llama-3.2-3b-instruct	5	0.21052631578947367	0.3157894736842105	0.15789473684210525	0.05263157894736842	0.2631578947368421					
Q201	818070860	Africa | Rural | Primary or No Education	Africa	Rural	Primary or No Education	1	2	1.4897673640073499	interview_direct_distribution	llama-3.2-3b-instruct	5	0.21052631578947367	0.3157894736842105	0.15789473684210525	0.05263157894736842	0.2631578947368421					
Q201	231070545	Africa | Rural | Primary or No Education	Africa	Rural	Primary or No Education	1	2	1.4897673640073499	interview_direct_distribution	llama-3.2-3b-instruct	5	0.21052631578947367	0.3157894736842105	0.15789473684210525	0.05263157894736842	0.2631578947368421					
Q201	788070589	Africa | Rural | Primary or No Education	Africa	Rural	Primary or No Education	2	2	1.4897673640073499	interview_direct_distribution	llama-3.2-3b-instruct	5	0.21052631578947367	0.3157894736842105	0.15789473684210525	0.05263157894736842	0.2631578947368421					
Q201	404070574	Africa | Rural | Primary or No Education	Africa	Rural	Primary or No Education	1	2	1.4897673640073499	interview_direct_distribution	llama-3.2-3b-instruct	5	0.21052631578947367	0.3157894736842105	0.15789473684210525	0.05263157894736842	0.2631578947368421					
Q201	320070471	North America | Urban | Tertiary	North America	Urban	Tertiary	2	2	1.4897673640073499	interview_direct_distribution	llama-3.2-3b-instruct	1	0.21052631578947367	0.3157894736842105	0.2631578947368421	0.15789473684210525	0.05263157894736842					
Q201	320070995	North America | Urban | Tertiary	North America	Urban	Tertiary	2	2	1.4897673640073499	interview_direct_distribution	llama-3.2-3b-instruct	3	0.21052631578947367	0.3157894736842105	0.2631578947368421	0.15789473684210525	0.05263157894736842					
Q201	320070937	North America | Urban | Tertiary	North America	Urban	Tertiary	2	2	1.4897673640073499	interview_direct_distribution	llama-3.2-3b-instruct	5	0.21052631578947367	0.3157894736842105	0.2631578947368421	0.15789473684210525	0.05263157894736842					
Q201	840073207	North America | Urban | Tertiary	North America	Urban	Tertiary	1	2	1.4897673640073499	interview_direct_distribution	llama-3.2-3b-instruct	3	0.21052631578947367	0.3157894736842105	0.2631578947368421	0.15789473684210525	0.05263157894736842					
Q201	840073388	North America | Urban | Tertiary	North America	Urban	Tertiary	2	2	1.4897673640073499	interview_direct_distribution	llama-3.2-3b-instruct	5	0.21052631578947367	0.3157894736842105	0.2631578947368421	0.15789473684210525	0.05263157894736842					
Q201	32070340	South America | Urban | Lower Secondary	South America	Urban	Lower Secondary	2	2	1.4897673640073499	interview_direct_distribution	llama-3.2-3b-instruct	5	0.21052631578947367	0.3157894736842105	0.2631578947368421	0.15789473684210525	0.05263157894736842					
Q201	68071606	South America | Urban | Lower Secondary	South America	Urban	Lower Secondary	4	2	1.4897673640073499	interview_direct_distribution	llama-3.2-3b-instruct	1	0.21052631578947367	0.3157894736842105	0.2631578947368421	0.15789473684210525	0.05263157894736842					
Q201	76071248	South America | Urban | Lower Secondary	South America	Urban	Lower Secondary	3	2	1.4897673640073499	interview_direct_distribution	llama-3.2-3b-instruct	1	0.21052631578947367	0.3157894736842105	0.2631578947368421	0.15789473684210525	0.05263157894736842					
Q201	862070728	South America | Urban | Lower Secondary	South America	Urban	Lower Secondary	3	2	1.4897673640073499	interview_direct_distribution	llama-3.2-3b-instruct	5	0.21052631578947367	0.3157894736842105	0.2631578947368421	0.15789473684210525	0.05263157894736842					
Q201	218070128	South America | Urban | Lower Secondary	South America	Urban	Lower Secondary	1	2	1.4897673640073499	interview_direct_distribution	llama-3.2-3b-instruct	2	0.21052631578947367	0.3157894736842105	0.2631578947368421	0.15789473684210525	0.05263157894736842					
Q236	688070033	Europe | Urban | Tertiary	Europe	Urban	Tertiary	4	2	1.305461684451695	interview_direct_distribution	llama-3.2-3b-instruct	3	0.35000000000000003	0.25000000000000006	0.30000000000000004	0.10000000000000002						
Q236	20070612	Europe | Urban | Tertiary	Europe	Urban	Tertiary	1	2	1.305461684451695	interview_direct_distribution	llama-3.2-3b-instruct	2	0.35000000000000003	0.25000000000000006	0.30000000000000004	0.10000000000000002						
Q236	642071348	Europe | Urban | Tertiary	Europe	Urban	Tertiary	2	2	1.305461684451695	interview_direct_distribution	llama-3.2-3b-instruct	3	0.35000000000000003	0.25000000000000006	0.30000000000000004	0.10000000000000002						
Q236	300070037	Europe | Urban | Tertiary	Europe	Urban	Tertiary	3	2	1.305461684451695	interview_direct_distribution	llama-3.2-3b-instruct	3	0.35000000000000003	0.25000000000000006	0.30000000000000004	0.10000000000000002						
Q236	276071312	Europe | Urban | Tertiary	Europe	Urban	Tertiary	2	2	1.305461684451695	interview_direct_distribution	llama-3.2-3b-instruct	3	0.35000000000000003	0.25000000000000006	0.30000000000000004	0.10000000000000002						
Q236	196070090	Europe | Rural | Lower Secondary	Europe	Rural	Lower Secondary	3	2	1.3438103288219774	interview_direct_distribution	llama-3.2-3b-instruct	2	0.2857142857142857	0.23809523809523808	0.3333333333333333	0.14285714285714285						
Q236	826072485	Europe | Rural | Lower Secondary	Europe	Rural	Lower Secondary	3	2	1.3438103288219774	interview_direct_distribution	llama-3.2-3b-instruct	4	0.2857142857142857	0.23809523809523808	0.3333333333333333	0.14285714285714285						
Q236	703070834	Europe | Rural | Lower Secondary	Europe	Rural	Lower Secondary	4	2	1.3438103288219774	interview_direct_distribution	llama-3.2-3b-instruct	1	0.2857142857142857	0.23809523809523808	0.3333333333333333	0.14285714285714285						
Q236	643071306	Europe | Rural | Lower Secondary	Europe	Rural	Lower Secondary	4	2	1.3438103288219774	interview_direct_distribution	llama-3.2-3b-instruct	4	0.2857142857142857	0.23809523809523808	0.3333333333333333	0.14285714285714285						
Q236	703070414	Europe | Rural | Lower Secondary	Europe	Rural	Lower Secondary	2	2	1.3438103288219774	interview_direct_distribution	llama-3.2-3b-instruct	2	0.2857142857142857	0.23809523809523808	0.3333333333333333	0.14285714285714285						
Q236	764070052	Asia | Urban | Upper to Post Secondary	Asia	Urban	Upper to Post Secondary	3	2	1.3438103288219774	interview_direct_distribution	llama-3.2-3b-instruct	1	0.2857142857142857	0.23809523809523808	0.3333333333333333	0.14285714285714285						
Q236	400071029	Asia | Urban | Upper to Post Secondary	Asia	Urban	Upper to Post Secondary	2	2	1.3438103288219774	interview_direct_distribution	llama-3.2-3b-instruct	3	0.2857142857142857	0.23809523809523808	0.3333333333333333	0.14285714285714285						
Q236	156072680	Asia | Urban | Upper to Post Secondary	Asia	Urban	Upper to Post Secondary	2	2	1.3438103288219774	interview_direct_distribution	llama-3.2-3b-instruct	2	0.2857142857142857	0.23809523809523808	0.3333333333333333	0.14285714285714285						
Q236	496070649	Asia | Urban | Upper to Post Secondary	Asia	Urban	Upper to Post Secondary	2	2	1.3438103288219774	interview_direct_distribution	llama-3.2-3b-instruct	3	0.2857142857142857	0.23809523809523808	0.3333333333333333	0.14285714285714285						
Q236	158070858	Asia | Urban | Upper to Post Secondary	Asia	Urban	Upper to Post Secondary	3	2	1.3438103288219774	interview_direct_distribution	llama-3.2-3b-instruct	4	0.2857142857142857	0.23809523809523808	0.3333333333333333	0.14285714285714285						
Q236	566071062	Africa | Rural | Primary or No Education	Africa	Rural	Primary or No Education	3	2	1.2798542258336676	interview_direct_distribution	llama-3.2-3b-instruct	2	0.2	0.3	0.4	0.1						
Q236	231070404	Africa | Rural | Primary or No Education	Africa	Rural	Primary or No Education	3	2	1.2798542258336676	interview_direct_distribution	llama-3.2-3b-instruct	1	0.2	0.3	0.4	0.1						
Q236	231070299	Africa | Rural | Primary or No Education	Africa	Rural	Primary or No Education	2	2	1.2798542258336676	interview_direct_distribution	llama-3.2-3b-instruct	4	0.2	0.3	0.4	0.1						
Q236	231070711	Africa | Rural | Primary or No Education	Africa	Rural	Primary or No Education	2	2	1.2798542258336676	interview_direct_distribution	llama-3.2-3b-instruct	4	0.2	0.3	0.4	0.1						
Q236	231070406	Africa | Rural | Primary or No Education	Africa	Rural	Primary or No Education	1	2	1.2798542258336676	interview_direct_distribution	llama-3.2-3b-instruct	2	0.2	0.3	0.4	0.1						
Q236	558070031	North America | Urban | Tertiary	North America	Urban	Tertiary	2	2	1.305461684451695	interview_direct_distribution	llama-3.2-3b-instruct	1	0.35000000000000003	0.25000000000000006	0.30000000000000004	0.10000000000000002						
Q236	124071368	North America | Urban | Tertiary	North America	Urban	Tertiary	3	2	1.305461684451695	interview_direct_distribution	llama-3.2-3b-instruct	2	0.35000000000000003	0.25000000000000006	0.30000000000000004	0.10000000000000002						
Q236	124073504	North America | Urban | Tertiary	North America	Urban	Tertiary	3	2	1.305461684451695	interview_direct_distribution	llama-3.2-3b-instruct	2	0.35000000000000003	0.25000000000000006	0.30000000000000004	0.10000000000000002						
Q236	630070968	North America | Urban | Tertiary	North America	Urban	Tertiary	2	2	1.305461684451695	interview_direct_distribution	llama-3.2-3b-instruct	1	0.35000000000000003	0.25000000000000006	0.30000000000000004	0.10000000000000002						
Q236	840072309	North America | Urban | Tertiary	North America	Urban	Tertiary	1	2	1.305461684451695	interview_direct_distribution	llama-3.2-3b-instruct	2	0.35000000000000003	0.25000000000000006	0.30000000000000004	0.10000000000000002						
Q236	76070397	South America | Urban | Lower Secondary	South America	Urban	Lower Secondary	2	2	1.3306281089500502	interview_direct_distribution	llama-3.2-3b-instruct	2	0.27272727272727276	0.3636363636363637	0.2272727272727273	0.13636363636363638						
Q236	170071279	South America | Urban | Lower Secondary	South America	Urban	Lower Secondary	1	2	1.3306281089500502	interview_direct_distribution	llama-3.2-3b-instruct	1	0.27272727272727276	0.3636363636363637	0.2272727272727273	0.13636363636363638						
Q236	218071162	South America | Urban | Lower Secondary	South America	Urban	Lower Secondary	2	2	1.3306281089500502	interview_direct_distribution	llama-3.2-3b-instruct	1	0.27272727272727276	0.3636363636363637	0.2272727272727273	0.13636363636363638						
Q236	32070493	South America | Urban | Lower Secondary	South America	Urban	Lower Secondary	2	2	1.3306281089500502	interview_direct_distribution	llama-3.2-3b-instruct	3	0.27272727272727276	0.3636363636363637	0.2272727272727273	0.13636363636363638						
Q236	862070096	South America | Urban | Lower Secondary	South America	Urban	Lower Secondary	1	2	1.3306281089500502	interview_direct_distribution	llama-3.2-3b-instruct	2	0.27272727272727276	0.3636363636363637	0.2272727272727273	0.13636363636363638						
Q237	276070444	Europe | Urban | Tertiary	Europe	Urban	Tertiary	3	2	1.2798542258336676	interview_direct_distribution	llama-3.2-3b-instruct	4	0.2	0.3	0.4	0.1						
Q237	51070223	Europe | Urban | Tertiary	Europe	Urban	Tertiary	2	2	1.2798542258336676	interview_direct_distribution	llama-3.2-3b-instruct	1	0.2	0.3	0.4	0.1						
Q237	826071698	Europe | Urban | Tertiary	Europe	Urban	Tertiary	3	2	1.2798542258336676	interview_direct_distribution	llama-3.2-3b-instruct	4	0.2	0.3	0.4	0.1						
Q237	528071729	Europe | Urban | Tertiary	Europe	Urban	Tertiary	4	2	1.2798542258336676	interview_direct_distribution	llama-3.2-3b-instruct	4	0.2	0.3	0.4	0.1						
Q237	688071015	Europe | Urban | Tertiary	Europe	Urban	Tertiary	3	2	1.2798542258336676	interview_direct_distribution	llama-3.2-3b-instruct	4	0.2	0.3	0.4	0.1						
Q237	826071525	Europe | Rural | Lower Secondary	Europe	Rural	Lower Secondary	2	2	1.2798542258336676	interview_direct_distribution	llama-3.2-3b-instruct	2	0.2	0.3	0.4	0.1						
Q237	909070176	Europe | Rural | Lower Secondary	Europe	Rural	Lower Secondary	3	2	1.2798542258336676	interview_direct_distribution	llama-3.2-3b-instruct	2	0.2	0.3	0.4	0.1						
Q237	688070607	Europe | Rural | Lower Secondary	Europe	Rural	Lower Secondary	3	2	1.2798542258336676	interview_direct_distribution	llama-3.2-3b-instruct	4	0.2	0.3	0.4	0.1						
Q237	276071246	Europe | Rural | Lower Secondary	Europe	Rural	Lower Secondary	2	2	1.2798542258336676	interview_direct_distribution	llama-3.2-3b-instruct	4	0.2	0.3	0.4	0.1						
Q237	703070143	Europe | Rural | Lower Secondary	Europe	Rural	Lower Secondary	4	2	1.2798542258336676	interview_direct_distribution	llama-3.2-3b-instruct	2	0.2	0.3	0.4	0.1						
Q237	458070765	Asia | Urban | Upper to Post Secondary	Asia	Urban	Upper to Post Secondary	1	2	1.2798542258336676	interview_direct_distribution	llama-3.2-3b-instruct	3	0.2	0.3	0.4	0.1						
Q237	702070961	Asia | Urban | Upper to Post Secondary	Asia	Urban	Upper to Post Secondary	3	2	1.2798542258336676	interview_direct_distribution	llama-3.2-3b-instruct	1	0.2	0.3	0.4	0.1						
Q237	410070541	Asia | Urban | Upper to Post Secondary	Asia	Urban	Upper to Post Secondary	3	2	1.2798542258336676	interview_direct_distribution	llama-3.2-3b-instruct	3	0.2	0.3	0.4	0.1						
Q237	156072007	Asia | Urban | Upper to Post Secondary	Asia	Urban	Upper to Post Secondary	3	2	1.2798542258336676	interview_direct_distribution	llama-3.2-3b-instruct	2	0.2	0.3	0.4	0.1						
Q237	410070771	Asia | Urban | Upper to Post Secondary	Asia	Urban	Upper to Post Secondary	3	2	1.2798542258336676	interview_direct_distribution	llama-3.2-3b-instruct	3	0.2	0.3	0.4	0.1						
Q237	504070754	Africa | Rural | Primary or No Education	Africa	Rural	Primary or No Education	2	2	1.2798542258336674	interview_direct_distribution	llama-3.2-3b-instruct	4	0.19999999999999996	0.3999999999999999	0.29999999999999993	0.09999999999999998						
Q237	788070589	Africa | Rural | Primary or No Education	Africa	Rural	Primary or No Education	1	2	1.2798542258336674	interview_direct_distribution	llama-3.2-3b-instruct	4	0.19999999999999996	0.3999999999999999	0.29999999999999993	0.09999999999999998						
Q237	231071087	Africa | Rural | Primary or No Education	Africa	Rural	Primary or No Education	3	2	1.2798542258336674	interview_direct_distribution	llama-3.2-3b-instruct	2	0.19999999999999996	0.3999999999999999	0.29999999999999993	0.09999999999999998						
Q237	231070927	Africa | Rural | Primary or No Education	Africa	Rural	Primary or No Education	2	2	1.2798542258336674	interview_direct_distribution	llama-3.2-3b-instruct	4	0.19999999999999996	0.3999999999999999	0.29999999999999993	0.09999999999999998						
Q237	716070875	Africa | Rural | Primary or No Education	Africa	Rural	Primary or No Education	2	2	1.2798542258336674	interview_direct_distribution	llama-3.2-3b-instruct	3	0.19999999999999996	0.3999999999999999	0.29999999999999993	0.09999999999999998						
Q237	840072812	North America | Urban | Tertiary	North America	Urban	Tertiary	1	2	1.2798542258336674	interview_direct_distribution	llama-3.2-3b-instruct	4	0.19999999999999996	0.3999999999999999	0.29999999999999993	0.09999999999999998						
Q237	124074318	North America | Urban | Tertiary	North America	Urban	Tertiary	2	2	1.2798542258336674	interview_direct_distribution	llama-3.2-3b-instruct	2	0.19999999999999996	0.3999999999999999	0.29999999999999993	0.09999999999999998						
Q237	124073530	North America | Urban | Tertiary	North America	Urban	Tertiary	1	2	1.2798542258336674	interview_direct_distribution	llama-3.2-3b-instruct	4	0.19999999999999996	0.3999999999999999	0.29999999999999993	0.09999999999999998						
Q237	484071076	North America | Urban | Tertiary	North America	Urban	Tertiary	4	2	1.2798542258336674	interview_direct_distribution	llama-3.2-3b-instruct	2	0.19999999999999996	0.3999999999999999	0.29999999999999993	0.09999999999999998						
Q237	840072814	North America | Urban | Tertiary	North America	Urban	Tertiary	2	2	1.2798542258336674	interview_direct_distribution	llama-3.2-3b-instruct	2	0.19999999999999996	0.3999999999999999	0.29999999999999993	0.09999999999999998						
Q237	218071162	South America | Urban | Lower Secondary	South America	Urban	Lower Secondary	2	2	1.2798542258336676	interview_direct_distribution	llama-3.2-3b-instruct	4	0.2	0.3	0.4	0.1						
Q237	68070631	South America | Urban | Lower Secondary	South America	Urban	Lower Secondary	3	2	1.2798542258336676	interview_direct_distribution	llama-3.2-3b-instruct	3	0.2	0.3	0.4	0.1						
Q237	152070308	South America | Urban | Lower Secondary	South America	Urban	Lower Secondary	1	2	1.2798542258336676	interview_direct_distribution	llama-3.2-3b-instruct	4	0.2	0.3	0.4	0.1						
Q237	32070193	South America | Urban | Lower Secondary	South America	Urban	Lower Secondary	3	2	1.2798542258336676	interview_direct_distribution	llama-3.2-3b-instruct	3	0.2	0.3	0.4	0.1						
Q237	76070044	South America | Urban | Lower Secondary	South America	Urban	Lower Secondary	3	2	1.2798542258336676	interview_direct_distribution	llama-3.2-3b-instruct	3	0.2	0.3	0.4	0.1						
